OffenseID,UserName,Comment
683764,bruce,Incident reported.
683765,kevin,Incident reported.
683766,foo,Incident reported.
683767,bar,Incident reported.
683768,faz,Incident reported.
683769,daz,Incident reported.
683770,gez,Incident reported.
683771,bob,Incident reported.
683772,james,Incident reported.
683773,danny,Incident reported.
683774,cody,Incident reported.
683775,kyle,Incident reported.
683776,marcus,Incident reported.
683777,gordan,Incident reported.
683778,smash,Incident reported.
683779,nina,Incident reported.
683780,lisa,Incident reported.
683781,fiona,Incident reported.
683782,lizz,Incident reported.
683783,tom,Incident reported.
683784,bruce,Incident reported.
683785,kevin,Incident reported.
683786,foo,Incident reported.
683787,bar,Incident reported.
683788,faz,Incident reported.
683789,daz,Incident reported.
683790,gez,Incident reported.
683791,bob,Incident reported.
683792,james,Incident reported.
683793,danny,Incident reported.
683794,bruce,Incident reported.
683795,kevin,Incident reported.
683796,foo,Incident reported.
683797,bar,Incident reported.
683798,faz,Incident reported.
683799,daz,Incident reported.
683800,gez,Incident reported.
683801,bob,Incident reported.
683802,james,Incident reported.
683803,danny,Incident reported.
683722,bruce,Incident reported.
683723,marcus,Incident reported.
683724,gordan,Incident reported.
683725,smash,Incident reported.
683726,faz,Incident reported.
683727,daz,Incident reported.
683728,daz,Incident reported.
683729,gez,Incident reported.
683730,bob,Incident reported.
683731,james,Incident reported.
683732,cody,Incident reported.
683733,kyle,Incident reported.
683734,marcus,Incident reported.
683735,gordan,Incident reported.
683736,smash,Incident reported.
683737,nina,Incident reported.
683738,bob,Incident reported.
683739,james,Incident reported.
683740,danny,Incident reported.
683741,bruce,Incident reported.